Wade,Smith,accountant.com,123456,TOKYO,Carlton Street
Dave,Johnson,activist.com,123456789,JAKARTA,Winter Way
Seth,Williams,adexec.com,12345,New York (NY),Conduit Street
Ivan,Brown,allergist.com,qwerty ,SEOUL,Cambridge Place
Riley,Jones,alumni.com,password ,MANILA,Queen Route
Gilbert,Miller,alumnidirector.com,12345678,Mumbai (Bombay),North Route
Jorge,Davis,alumnidirector.com,111111,Sao Paulo,Fletcher Route
Dan,Garcia,archaeologist.com,123123,MEXICO CITY,Long Avenue
Brian,Rodriguez,auctioneer.net,1234567890,Delhi,Crown Street
Roberto,Wilson,bartender.net,1234567,Osaka,Jewel Passage
Ramon,Martinez,brew-master.com,qwerty123 ,CAIRO,Blessing Avenue
Miles,Anderson,chef.net,0,Kolkata (Calcutta),Parkside Row
Liam,Taylor,chemist.com,1q2w3e ,Los Angeles (CA),Art Lane
Nathaniel,Thomas,collector.org,aa12345678 ,Shanghai,Steam Avenue
Ethan,Hernandez,columnist.com,abc123 ,MOSCOW,Anchor Avenue
Lewis,Moore,comic.com,password1 ,BEIJING (PEKING),Station Avenue
Milton,Martin,consultant.com,1234,BUENOS AIRES,Hawthorn Avenue
Claude,Jackson,contractor.net,qwertyuiop ,Guangzhou,Princess Lane
Joshua,Thompson,counsellor.com,123321,Shenzhen,University Boulevard
Glen,White,deliveryman.com,password123 ,Istanbul,Bridgeway Row
Harvey,Lopez,diplomats.com,1q2w3e4r5t ,Rio de Janeiro,Bury Passage
Blake,Lee,dr.com,iloveyou ,PARIS,Alfred’s Place (Paul’s Alley)
Antonio,Gonzalez,engineer.com,654321,Karachi,Campbell Road
Connor,Harris,financier.com,666666,Nagoya,Adams Mews
Julian,Clark,fireman.net,987654321,Chicago (IL),Farmer Way
Aidan,Lewis,gardener.com,123,Lagos,Fleet Passage
Harold,Robinson,geologist.com,123456a ,LONDON,Ferry Street
Conner,Walker,graphic-designer.com,qwe123 ,BANGKOK,Vine Route
Peter,Perez,graduate.org,1q2w3e4r ,KINSHASA,Crescent Route
Hunter,Hall,hairdresser.net,7777777,TEHRAN,Canning Place
Eli,Young,instructor.net,1qaz2wsx ,LIMA,Water Street
Alberto,Allen,insurer.com,123qwe ,Dongguan,Carey Street
Carlos,Sanchez,journalist.com,zxcvbnm ,BOGOTA,Circus Avenue
Shane,Wright,legislator.com,121212,Chennai (Madras),Coleherne Court (part)
Aaron,King,lobbyist.com,asdasd ,DHAKA,Pioneer Lane
Marlin,Scott,minister.com,a123456 ,Essen,Avenue
Paul,Green,musician.org,555555,Tianjin (Tientsin),Prospect Avenue
Ricardo,Baker,optician.com,dragon ,HONG KONG,Royalty Passage
Hector,Adams,orthodontist.net,112233,Taipei,Corporation Way
Alexis,Nelson,pediatrician.com,123123123,Lahore,Brewer’s Lane
Adrian,Hill,photographer.net,monkey ,Ho Chi Minh City (Saigon),Knight Lane
Kingston,Ramirez,physicist.net,11111111,Bangalore,Prospect Passage
Douglas,Campbell,politician.com,qazwsx ,Hyderabad,Castle Court
Gerald,Mitchell,presidency.com,159753,Johannesburg,Alexander Street
Joey,Roberts,priest.com,asdfghjkl ,BAGHDAD,Hazelnut Lane
Johnny,Carter,programmer.net,222222,Toronto,Quarry Passage
Charlie,Phillips,publicist.com,1234qwer ,SANTIAGO,Gilded Row
Scott,Evans,radiologist.net,qwerty1 ,KUALA LUMPUR,Cambridge Terrace
Martin,Turner,realtyagent.com,123654,San Francisco (CA),Silver Avenue
Tristin,Torres,registerednurses.com,123abc ,Philadelphia (PA),Ember Avenue
Troy,Parker,repairman.com,asdfgh ,Wuhan,Coleman Street (E. part)
Tommy,Collins,representative.com,777777,Miami (FL),Willow Way
Rick,Edwards,salesperson.net,aaaaaa ,Dallas (TX),Bolton Road
Victor,Stewart,secretary.net,myspace1 ,MADRID,Champion Street
Jessie,Flores,socialworker.net,88888888,Ahmedabad,Hawthorn Way
Neil,Morris,sociologist.com,fuckyou ,Boston (MA),Dew Passage
Ted,Nguyen,songwriter.net,123456789a ,Belo Horizonte,Moon Street
Nick,Murphy,teachers.org,999999,KHARTOUM,Campus Lane
Wiley,Rivera,techie.com,888888,Saint Petersburg (Leningrad),Vale Lane
Morris,Cook,technologist.com,football ,Shenyang,Coastline Avenue
Clark,Rogers,therapist.net,princess ,Houston (TX),Sunshine Way
Stuart,Morgan,umpire.com,789456123,Pune,Seacoast Lane
Orlando,Peterson,worker.com,147258369,RIYADH,Colonel Street
Keith,Cooper,activist.com,1111111,SINGAPORE,Lowland Row
Marion,Reed,artlover.com,sunshine ,WASHINGTON (DC),Guild Street
Marshall,Bailey,bikerider.com,michael ,Yangon ,Highland Passage
Noel,Bell,birdlover.com,computer ,Milan (Milano),Bright Avenue
Everett,Gomez,blader.com,qwer1234 ,Atlanta (GA),Theater Street
Romeo,Kelly,kittymail.com,daniel ,Chongqing,Winter Avenue
Sebastian,Howard,lovecat.com,789456,Alexandria,Maple Boulevard
Stefan,Ward,marchmail.com,11111,Nanjing (Nanking) ,Poplar Avenue
Robin,Cox,musician.org,abcd1234 ,Guadalajara,University Avenue
Clarence,Diaz,boardermail.com,q1w2e3r4 ,Barcelona,Albion Mews
Sandy,Richardson,brew-master.com,shadow ,Chengdu,Starlight Lane
Ernest,Wood,catlover.com,159357,Detroit (MI),Claremont Place
Samuel,Watson,chef.net,123456q ,ANKARA,Bedford Street
Benjamin,Brooks,clubmember.org,1111,Abidjan,Canal Road
Luka,Bennett,nonpartisan.com,samsung ,ATHENS,Aurora Passage
Fred,Gray,petlover.com,killer ,BERLIN,Chester Mews North
Albert,James,photographer.net,asd123 ,Sydney,Cherry Route
Greyson,Reyes,songwriter.net,superman ,Monterrey,Circus Route
Terry ,Cruz,collector.org,master ,Phoenix (AZ),Clayton Street
Cedric,Hughes,doglover.com,12345a ,Busan (Pusan),Hill Route
Joe,Price,gardener.com,azerty ,Recife,Lowland Lane
Paul,Myers,greenmail.net,zxcvbn ,Bandung,Pioneer Way
George,Long,hackermail.com,qazwsxedc ,Porto Alegre,Alfred Cottages
Bruce,Foster,techie.com,131313,Melbourne,Abingdon Street
Christopher,Sanders,theplate.com,ashley ,LUANDA,Ebon Street
Mark,Ross,bsdmail.com,target123 ,Hangzhou (Hangchow) ,Central Avenue
Ron,Morales,computer4u.com,987654,ALGIERS,School Avenue
Craig,Powell,consultant.com,baseball ,Hà Noi (HANOI),Brewhouse Lane
Philip,Sullivan,contractor.net,qwert ,Montréal,Chancellor Road
Jimmy,Russell,coolsite.net,asdasd123 ,Xi'an (Sian) ,Albert Cottages
Arthur,Ortiz,cyberdude.com,qwerty ,PYONGYANG,Mason Lane
Jaime,Jenkins,cybergal.com,soccer ,Qingdao (Tsingtao) ,Claremont Terrace
Perry,Gutierrez,cyberservices.com,charlie ,Surat,Clove Lane
Harold,Perry,cyber-wizard.com,qweasdzxc ,Fortaleza,Revolution Passage
Jerry,Butler,engineer.com,tinkle ,Medellín,Paradise Passage
Shawn,Barnes,graphic-designer.com,jessica ,Durban,Lily Avenue
Walter,Fisher,hackermail.com,q1w2e3r4t5 ,Kanpur,Bell Court
Daisy,Henderson,linuxmail.org,asdf ,ADDIS ABABA,Baker Passage
Deborah,Coleman,null.net,test1 ,NAIROBI,Innovation Lane
Isabel,Simmons,physicist.net,1g2w3e4r ,Jeddah (Jiddah),Gilded Lane
Stella,Patterson,post.com,gwerty123 ,Naples (Napoli),Honor Lane
Debra,Jordan,programmer.net,zag12wsx ,KABUL,Barton Street
Beverly,Reynolds,solution4u.com,gwerty ,Salvador,Grace Street
Vera,Hamilton,tech-center.com,147258,Harbin (Haerbin),Chester Place Mews
Angela,Graham,techie.com,12341234,Kano,Broadway
Lucy,Kim,technologist.com,qweqwe ,Casablanca (Dar-el-Beida),Marine Way
Lauren,Gonzales,webname.com,jordan ,CAPE TOWN,Parkside Avenue
Janet,Alexander,workmail.com,pokemon ,Curitiba,Black Horse Yard
Loretta,Ramos,writeme.com,q1w2e3r4t5y6 ,Surabaya,Vista Way
Tracey,Wallace,acdcfan.com,12345678910,San Diego (CA),Coleman’s Buildings
Beatrice,Griffin,angelic.com,1111111111,Seattle (WA),Sunshine Street
Sabrina,West,discofan.com,12344321,ROME,Middle Street
Melody,Cole,elvisfan.com,thomas ,Dar es Salaam,Ann’s Place
Chrysta,Hayes,hiphopfan.com,love ,Taichung,Ferry Row
Christina,Chavez,housemail.com,12qwaszx ,Jaipur,Harbor Row
Vicki,Gibson,kissfans.com,102030,CARACAS,Clissold Park Villas
Molly,Bryant,madonnafan.com,welcome ,DAKAR,Royalty Way
Alison,Ellis,metalfan.com,liverpool ,Kaohsiung,Monument Route
Miranda,Stevens,musician.org,iloveyou1 ,Minneapolis (MN),Spring Street
Stephanie,Murray,ninfan.com,michelle ,Lucknow,Arcade
Leona,Ford,ravemail.com,101010,AMMAN,Chesnut Road
Katrina,Marshall,reggaefan.com,1234561,Tel Aviv-Yafo,Bellow Boulevard
Mila,Owens,snakebite.com,hello ,Guayaquil,Boundary Mews
Teresa,Mcdonald,songwriter.net,andrew ,KYIV (KIEV),Church Row
Gabriela,Harrison,bellair.net,a123456789 ,Faisalabad (Lyallpur),Bard Avenue
Ashley,Ruiz,californiamail.com,a12345 ,Mashhad,Clarendon Street
Nicole,Kennedy,dallasmail.com,Status ,Izmir,Railway Street
Valentina,Wells,nycmail.com,fuckyou1 ,Rawalpindi,Brook Street
Rose,Alvarez,pacific-ocean.com,1qaz2wsx3edc ,TASHKENT,Coastline Row
Juliana,Woods,pacificwest.com,hunter ,Katowice,Commercial Road
Alice,Mendoza,sanfranmail.com,princess1 ,Changchun,Allen Street
Kathie,Castillo,usa.com,naruto ,Campinas,Green Avenue
Gloria,Olson,africamail.com,justin ,Daegu (Taegu),Dove Route
Luna,Webb,asia-mail.com,jennifer ,Changsha,Arctic Lane
Phoebe,Washington,australiamail.com,qwerty12 ,Nagpur,Cambridge Circus
Angelique,Tucker,berlin.com,qweasd ,San Juan,Frost Row
Graciela,Freeman,brazilmail.com,anthony ,Aleppo,Wellness Street
Gemma,Burns,chinamail.com,andrea ,LISBON,Brooklands Road
Katelynn,Henry,dublin.com,joshua ,Frankfurt am Main,Garnet Street
Danna,Vasquez,dutchmail.com,asdf1234 ,Nanchang,Anchor Street
Luisa,Snyder,englandmail.com,12345qwert ,Birmingham[] ,Granite Way
Julie,Simpson,europe.com,1qazxsw2 ,Tampa (FL),Cottage Row
Olive,Crawford,arcticmail.com,marina ,Medan,Park Way
Carolina,Jimenez,europemail.com,love123 ,Dalian,Saffron Lane
Harmony,Porter,germanymail.com,111222,TUNIS,Pearl Avenue
Hanna,Mason,irelandmail.com,robert ,Shijiazhuang,Arthur Mews
Anabelle,Shaw,israelmail.com,10203,Manchester,Fountain Street
Francesca,Gordon,italymail.com,nicole ,PORT-AU-PRINCE,Beaumont Road
Whitney,Wagner,koreamail.com,letmein ,DAMASCUS,Capener’s Yard
Skyla,Hunter,mexicomail.com,football1 ,Ji'nan,Marble Avenue
Nathalie,Romero,moscowmail.com,secret ,Fukuoka,Castle Yard
Sophie,Hicks,munich.com,1234554321,SANTO DOMINGO,Connaught Square Mews
Hannah,Dixon,asia.com,freedom ,HAVANA,Broom Street
Silvia,Hunt,polandmail.com,michael1 ,Cali,Hind Passage
Sophia,Palmer,safrica.com,11223344,Denver (CO),Bridgewater Street
Della,Robertson,samerica.com,qqqqqq ,St. Louis (MO),Brown Row
Myra,Black,scotlandmail.com,123654789,Colombo,Luna Boulevard
Blanca,Holmes,spainmail.com,chocolate ,Dubai,Abbotswell Street
Bethany,Stone,swedenmail.com,12345q ,Baltimore (MD),Clarence Terrace
Robyn,Meyer,swissmail.com,internet ,Sapporo,Old Boulevard
Traci,Boyd,torontomail.com,q1w2e3 ,Rotterdam,Bolingbroke Road
Desiree,Mills,aircraftmail.com,google ,Vancouver,Justice Avenue
Laverne,Warren,cash4u.com,starwars ,Preston,Timber Lane
Patricia,Fox,computer4u.com,mynoob ,Patna,Mandarin Avenue
Alberta,Rose,comic.com,qwertyui ,SANA'A,Lily Lane
Lynda,Rice,consultant.com,55555,WARSAW,Clifton Hill
Cara,Moreno,contractor.net,qwertyu ,Bonn,Alfred Mews
Brandi,Schmidt,coolsite.net,lol123 ,ACCRA,Fair Avenue
Janessa,Patel,cyberservices.com,lovely ,BUCHAREST,General Route
Claudia,Ferguson,disposable.com,monkey1 ,Yokohama,Angel Street
Rosa,Nichols,email.com,nikita ,Kunming,Chester Cottages
Sandra,Herrera,execs.com,pakistan ,Guiyang,Blendon Road
Eunice,Medina,fastservice.com,7758521,Zibo,Java Boulevard
Kayla,Ryan,greenmail.net,87654321,Incheon,Guild Lane
Kathryn,Fernandez,groupmail.com,147852,Zhengzhou,Agnes Street
Rosie,Weaver,instruction.com,jordan23 ,Taiyuan,East Route
Monique,Daniels,insurer.com,212121,Chaoyang (Guangdong),Silver Way
Maggie,Stephens,job4u.com,123789,BRASILIA,Oceanview Row
Hope,Gardner,mail-me.com,147852369,Zhongshan,Brunswick Mews
Alexia,Payne,net-shopping.com,123456789q ,West Midlands,Albion Road
Lucille,Kelley,post.com,qwe ,Giza,Yew Lane
Odessa,Dunn,planetmail.com,forever ,Quezon City,Charles Street
Amanda,Pierce,planetmail.net,741852963,Nanhai,Boulder Route
Kimberly,Arnold,qualityservice.com,123qweasd ,Fuzhou (Fujian),Beach Route
Blanche,Tran,rescueteam.com,123456abc ,Lanzhou,West Lane
Tyra,Spencer,solution4u.com,1q2w3e4r5t6y ,Xiamen,Albion Place
Helena,Peters,surgical.net,qazxsw ,Chittagong,Castlands Road (part)
Kayleigh,Hawkins,tech-center.com,456789,Zaozhuang,Ashburnham Road
Lucia,Grant,theplate.com,232323,Jilin,Compton Street
Janine,Hansen,workmail.com,999999999,Linyi,Buckingham Terrace
Maribel,Castro,webname.com,qwerty12345 ,Wenzhou,Charles Street
Camille,Hoffman,writeme.com,qwaszx ,STOCKHOLM,School Way
Alisa,Hart,gmail.com,1234567891,Puebla de Zaragoza,Basing Place
Vivian,Elliott,outlook.com,456123,Puning,Garden Avenue
Lesley,Cunningham,tut.by,444444,BAKU,Arcade Route
Rachelle,Knight,brew-meister.com,qq123456 ,Ibadan,Bridgeway Lane
Kianna,Bradley,cutey.com,xx,MINSK,Castle Street
